Month,TotalUnits,GrossSales,Price,Discounts,NetSales,COGS,GM_Value,GM_Pct,BrentUSD,INR_PER_USD,PETResinIdx,NaphthaIdx,ElectricityIdx,FreightIdx,DieselIdx,DemandClimateIdx,Mix_CAP,Mix_FLE,Mix_LAB,Mix_PET,Mix_RIG,Unnamed: 22,Mix_Flexible_Films,Mix_PET_Preforms,Mix_Labels,Mix_Caps_&_Closures
2005-01-01,35667,1641.288871,0.04601701491,28.7816412,1612.507229,1296.9166642475013,315.5905647524988,19.57142015097898,51.538075273782525,45.221562988107266,85.0,106.4266979,90.20098357371693,76.76595508688936,85.0,100.47671842188163,0.2177154104,0.2115347204,0.1870558931,0.2024216381,0.181272338,0,0,0,0,0
2005-02-01,34554,1591.240058,0.04605082068,33.58657069,1557.653487,1250.5403226045646,307.11316439543555,19.716398220693325,55.61750862462258,44.80021086968506,85.0,106.8491234,88.96432944789645,74.63270031797937,85.0,105.55323770115977,0.2082911682,0.2092037733,0.1984497739,0.2027551776,0.181300107,0,0,0,0,0
2005-03-01,36075,1672.750964,0.04636870308,27.28109484,1645.469869,1308.9733278199838,336.4965411800162,20.449875595991006,63.31726222403791,43.64829903275961,85.0,110.1854741,89.70089434674142,81.8643924094451,85.0,105.25379380807536,0.1886279317,0.2148137273,0.2033889214,0.202709953,0.1904594667,0,0,0,0,0
2005-04-01,36604,1664.500919,0.04547319743,22.99286229,1641.508056,1319.6316696901056,321.87638630989426,19.60857792524256,61.39319618124986,42.073744504629616,85.0,109.6516542,89.57348228428349,80.30446815350622,85.0,105.69249392251513,0.1887487284,0.2142214832,0.2065509465,0.2012318962,0.1892469457,0,0,0,0,0
2005-05-01,37696,1783.487488,0.04731238031,15.27051949,1768.216969,1427.763944952416,340.453024047584,19.25402990788649,65.83985576778538,45.09679508313648,85.0,108.2355426,88.05250603569196,79.4585707295816,85.0,103.49217589748469,0.2013610111,0.2018872854,0.2011547472,0.2111154608,0.1844814955,0,0,0,0,0
2005-06-01,36350,1726.591607,0.04749908135,24.29013221,1702.301475,1371.7265603185672,330.57491468143286,19.4192932060658,66.54367279321163,45.08731809814092,85.0,110.7320909,91.41871959850255,79.38949609747378,85.0,100.02773110349035,0.2097315609,0.1959248217,0.2040372274,0.2001077828,0.1901986071,0,0,0,0,0
2005-07-01,37426,1756.401521,0.04692998239,14.4529135,1741.948607,1404.196614002108,337.7519929978921,19.389320192377646,64.20094866627299,44.70383779360023,85.0,112.1163236,92.22164857584231,77.18985975569584,85.0,100.38173729368317,0.1976877001,0.2042882372,0.2046766412,0.1931199753,0.2002274462,0,0,0,0,0
2005-08-01,34425,1649.133893,0.04790512398,28.05299328,1621.0809,1304.8842654516995,316.19663454830044,19.50529640737242,70.23016610476762,44.22011405148597,85.0,114.9427607,92.72267628593842,84.83442100275234,85.0,100.52683257668201,0.2087942879,0.217252016,0.2038828847,0.1848740969,0.1851967145,0,0,0,0,0
2005-09-01,36245,1774.91925,0.04897004415,26.32979141,1748.589459,1415.249760297797,333.33969870220324,19.063348288330452,69.13001115901662,46.040631033363645,85.0,114.4725406,93.65225046157383,79.57922466440708,85.0,94.64885417766936,0.1906539663,0.228804225,0.2017981942,0.1908399397,0.1879036748,0,0,0,0,0
2005-10-01,36224,1799.291672,0.0496712586,23.88625509,1775.405417,1435.605268461937,339.800148538063,19.139298848836564,71.01449523630077,43.42737336505117,85.0,112.5617383,93.14373067912338,81.89832523499645,85.0,95.87809108918641,0.1922193419,0.2184098076,0.205630259,0.2077671247,0.1759734669,0,0,0,0,0
2005-11-01,33922,1685.319987,0.04968221175,31.99660146,1653.323386,1329.2743001421436,324.0490858578564,19.59986101943739,74.38770466296391,44.32487827880801,85.0,111.1200895,92.14001042019181,87.47271542316821,85.0,92.34232040853409,0.1998835009,0.2094646269,0.2067935412,0.1958386173,0.1880197137,0,0,0,0,0
2005-12-01,34460,1672.459816,0.04853336669,30.96140562,1641.49841,1338.1801237445356,303.31828625546416,18.47813463647913,70.61162452956636,43.874542818430726,86.16555328665105,111.8258358,93.10096111236471,83.73962584565386,85.0,96.19057459949833,0.1928470443,0.2122535507,0.206204358,0.2039175996,0.1847774474,0,0,0,0,0
2006-01-01,31618,1530.554386,0.04840769137,43.69800863,1486.856377,1193.756567146128,293.0998098538722,19.712718349115452,82.02972422149867,45.43990281751168,85.0,114.5062368,92.03471237282474,87.32379283536062,85.0,99.95300526207775,0.1980843129,0.2231506148,0.2024152544,0.1986370639,0.1777127539,0,0,0,0,0
2006-02-01,31838,1542.090284,0.04843552622,41.4015846,1500.688699,1201.6669429588167,299.02175604118344,19.925635226042534,77.41309089879364,44.86486122337392,85.0,113.2926432,93.84592653835104,85.36454553485267,85.0,103.57380444387657,0.1963068516,0.2055693172,0.2145006477,0.2020419108,0.1815812726,0,0,0,0,0
2006-03-01,32440,1604.287641,0.04945399635,43.15688342,1561.130758,1265.7944709780843,295.33628702191567,18.918100582444335,85.16760963547651,47.02228563709947,97.40614278508411,114.1037276,92.77264658100373,87.54851250193434,85.0,105.09935429578333,0.1894738947,0.2207650304,0.1975941397,0.2031956409,0.1889712943,0,0,0,0,0
2006-04-01,31520,1528.908151,0.04850596927,41.50489373,1487.403258,1212.256754592396,275.1465034076041,18.498447003375063,84.04855250491448,45.44281657443692,91.19540302646229,117.6874429,90.55000440577066,84.71883084384986,85.0,105.95228555013301,0.2023849207,0.1935100915,0.2033384647,0.2048819874,0.1958845357,0,0,0,0,0
2006-05-01,29923,1472.31187,0.04920335095,48.07702078,1424.23485,1171.9165346088453,252.31831539115484,17.71606104085677,90.83830625488953,45.33276392013544,97.84025532469842,117.4762111,93.52489509707944,91.38623270205655,88.80876300284405,104.64177407775097,0.1841320572,0.2055820467,0.2046452169,0.2023757326,0.2032649466,0,0,0,0,0
2006-06-01,31297,1628.187858,0.05202376772,40.69757202,1587.490286,1294.0672801171713,293.42300588282853,18.483452054510938,85.07105943268274,46.077207939562825,97.24619510287782,116.942255,93.85887614287157,85.63226976511058,86.50670828177354,104.26564226319985,0.1924570084,0.2051410547,0.1993962035,0.2018378287,0.2011679047,0,0,0,0,0
2006-07-01,29238,1528.760766,0.05228677632,51.51114887,1477.249617,1212.1268915963003,265.1227254036997,17.947049865689674,88.19443228806956,45.12852826551028,103.07080168184709,119.1804878,92.59797654125855,93.49088661881254,85.60856102632056,101.02068154365766,0.1860001475,0.2137820539,0.2145314383,0.1981877686,0.1874985917,0,0,0,0,0
2006-08-01,32293,1659.547178,0.0513903068,34.23385322,1625.313324,1338.166645083826,287.1466789161738,17.66715836731637,92.37266813343035,44.942396411291085,96.3196023933317,118.9863947,94.79977556104208,87.56213537868254,90.02633323613385,96.02342624889435,0.1999366106,0.2093002116,0.2101830176,0.1963358911,0.1842442691,0,0,0,0,0
2006-09-01,33803,1798.532255,0.053206291,36.8746853,1761.657569,1429.4331333537598,332.22443564624007,18.858627323062922,85.36908925154052,46.33276668349321,95.54740468931178,114.0572821,95.877833115033,87.4538941289163,85.0,92.73388818644463,0.197270488,0.2105161395,0.2144226704,0.1841949488,0.1935957533,0,0,0,0,0
2006-10-01,35215,1848.499935,0.05249183401,30.95492774,1817.545007,1480.965685092871,336.57932190712916,18.51834868522346,97.89772504545557,45.60878528431239,98.69225683954421,112.2423437,93.28879315082708,93.11232210996481,91.77178911254062,92.09627586932181,0.2033500274,0.2006664493,0.2066770839,0.2022554636,0.1870509758,0,0,0,0,0
2006-11-01,35042,1764.387675,0.05035065564,31.24210236,1733.145573,1429.8298828626257,303.3156901373744,17.50087787561596,102.30046828617733,46.87601773064398,97.98708452472258,112.6591639,95.8059374364981,93.58808436441683,97.64206881679836,99.06108302974293,0.2122663655,0.2169625039,0.1897502003,0.1927311621,0.1882897683,0,0,0,0,0
2006-12-01,36231,1798.844925,0.04964933138,30.85930736,1767.985618,1471.3533113545286,296.6323066454714,16.777981880929044,102.75334758595314,46.458300158322345,107.91268592904237,114.2818471,96.1623192498301,95.0587635867737,98.58008656431434,97.82876270803592,0.1932243321,0.2102832055,0.2107135757,0.200930031,0.1848488556,0,0,0,0,0
2007-01-01,37694,1874.24166,0.04972254628,25.67289953,1848.56876,1534.326364807057,314.2423951929431,16.99922675275239,103.35597946937858,46.37885110973034,116.98839228133613,110.4377413,94.20366808688286,96.63018065391663,99.33054954069853,102.3049454494412,0.1979220468,0.2089706951,0.2030763526,0.2049211014,0.1851098041,0,0,0,0,0
2007-02-01,37669,1905.458536,0.05058426123,26.23177465,1879.226762,1562.0478502602389,317.1789117397611,16.878160643167824,102.10812499314261,46.43571267440006,113.22841743907276,112.1319742,95.03508920776935,97.67668653167998,94.58476537415825,105.06118331442237,0.1933928305,0.2154619983,0.1949295575,0.206560115,0.1896554987,0,0,0,0,0
2007-03-01,36812,1782.841197,0.04843097894,16.38580481,1766.455392,1478.4109605294339,288.0444314705661,16.306351848740377,109.01046731852024,46.407142222946014,118.81095767104001,114.097462,94.4776334140479,97.80905999411435,98.97292800986175,105.4350556504968,0.1843613756,0.2046050833,0.2103708076,0.2071049608,0.1935577728,0,0,0,0,0
2007-04-01,37251,1836.310856,0.04929561236,23.76821127,1812.542645,1509.2728576983266,303.26978730167343,16.731732527135847,110.18767860547324,46.89745138946228,110.3048249482881,116.4742986,95.31768764487066,97.96841402614203,104.05775173269402,106.8620972211153,0.1928555825,0.2077886397,0.2057347845,0.2000687622,0.1935522311,0,0,0,0,0
2007-05-01,36937,1872.869832,0.05070443816,25.56094894,1847.308883,1567.2306909494082,280.0781920505916,15.161416405671645,109.70750628935204,46.348885879656166,122.10753236636427,116.3546915,96.17481162077453,98.53174228210268,97.7511913224031,106.24221761619604,0.1894403662,0.2145874395,0.2071326536,0.2025579822,0.1862815585,0,0,0,0,0
2007-06-01,35632,1805.839852,0.05068028324,24.88924623,1780.950606,1505.3801573242135,275.57044867578657,15.47322243230066,110.25599533299841,45.19574100159303,120.59057310524737,118.0310306,97.85695209010647,98.11410645731502,100.42689336182822,99.2376211728278,0.1973635548,0.200561955,0.2156746931,0.1954851096,0.1909146874,0,0,0,0,0
2007-07-01,35339,1762.822718,0.04988320886,25.57023837,1737.25248,1455.1029291551217,282.1495508448784,16.241136742822686,110.8766730902939,46.91938293404756,122.65237745080026,120.6041905,95.91346183029884,96.76024359312979,101.10960621608233,101.07718526910892,0.2003287669,0.2073755088,0.2050918284,0.2106921033,0.1765117925,0,0,0,0,0
2007-08-01,31236,1610.281085,0.05155209006,42.66132521,1567.61976,1325.0251011019122,242.59465889808777,15.475350916607976,109.74180636340076,46.58390324762337,117.5763501338372,117.9064699,95.03722645901803,97.82149546434444,103.1905953122129,95.31285516883294,0.201212487,0.2073594379,0.1993031838,0.1948751796,0.1972497117,0,0,0,0,0
2007-09-01,33172,1755.71291,0.05292755667,44.07794462,1711.634965,1438.1628296966937,273.47213530330623,15.977246369427037,120.24418347725671,45.946082575629944,118.16779240455837,120.7105219,93.35216184384575,104.5246179788796,108.31817123453547,92.96857934674036,0.2082682432,0.2137517417,0.2034661877,0.1988807021,0.1756331253,0,0,0,0,0
2007-10-01,33643,1729.976878,0.05142159968,39.22644418,1690.750434,1419.1184075672136,271.6320264327865,16.065767068304446,110.25498925374472,47.76740510966783,118.13599374414513,122.9699484,96.54483104934853,98.23148242371607,102.83568685976103,94.72118342209458,0.2018072217,0.2104965164,0.1933803307,0.2055451144,0.1887708168,0,0,0,0,0
2007-11-01,32758,1719.679187,0.05249646458,41.96089937,1677.718288,1437.2240923615082,240.49419563849187,14.334599399591921,118.46638905141992,46.9338984933716,132.5350869342166,127.3753681,95.99470876451313,101.30669169316766,107.62954327412811,101.7686596093798,0.1953095095,0.2197369886,0.2093122482,0.1932275068,0.182413747,0,0,0,0,0
2007-12-01,30347,1647.69073,0.05429501202,49.15550406,1598.535226,1349.3652029027235,249.17002309727647,15.587396451736153,122.24199691052975,45.93714573453968,120.83952505467832,126.7249187,98.01621452432755,102.54408087795684,109.11989586071377,92.7813314683819,0.1970834752,0.2089979614,0.2035368539,0.2056598048,0.1847219048,0,0,0,0,0
2008-01-01,31583,1760.957763,0.05575650709,51.85125482,1709.106509,1461.3064612446458,247.80004775535411,14.498806625009122,126.58101271757315,47.3687590478423,130.40548449121368,127.2720835,98.29148493373162,105.709453952419,114.13541922884009,94.91034054075757,0.1948750025,0.2068516299,0.1994353399,0.21144715,0.1873908777,0,0,0,0,0
2008-02-01,31665,1788.853533,0.05649308489,49.1969386,1739.656595,1471.1606710365036,268.4959239634963,15.43384623926289,131.6420048039801,46.98399693566021,127.85521338245603,128.5001807,96.3345338415276,107.41266172122319,115.19958867507972,103.25804525168171,0.2040847736,0.2190326585,0.2046345671,0.1879017649,0.184346236,0,0,0,0,0
2008-03-01,32608,1846.95528,0.05664117026,51.20645589,1795.748824,1547.9713154517858,247.7775085482141,13.798004778657958,130.85758559678544,46.25780983370301,138.49532340090394,132.2823322,98.89628318193118,107.16906197298626,114.13113462571816,100.20357086555647,0.1884517304,0.1981499085,0.1969698479,0.2229996932,0.19342882,0,0,0,0,0
2008-04-01,31479,1804.537201,0.05732511203,50.17275949,1754.364442,1513.4196434471946,240.94479855280542,13.734022007315934,128.26538929436975,47.964035036692316,142.37462222526048,134.6594,98.4303023610083,104.56284806604408,114.08553099765435,105.64195897015209,0.1901680539,0.2113929974,0.2230839881,0.1928365485,0.1825184121,0,0,0,0,0
2008-05-01,32010,1900.359219,0.0593676732,47.29604079,1853.063178,1604.1823777930076,248.88080020699238,13.430777922834121,133.73892264308645,46.96907653686955,136.77982816841399,140.6615941,98.6030551653207,102.67113836191021,117.77445266859758,99.9803692975319,0.191940658,0.2116199336,0.2072681934,0.205928188,0.1832430271,0,0,0,0,0
2008-06-01,32346,2007.510181,0.06206363015,45.27611107,1962.23407,1667.761642093512,294.4724279064881,15.006998013569714,128.6796369860209,48.4794585442981,134.44235798255056,144.8269189,98.50485463275511,104.11998844690824,114.18578211455895,104.12418980582802,0.1949075457,0.2083447576,0.2124881586,0.1899777144,0.1942818238,0,0,0,0,0
2008-07-01,33598,2222.427605,0.06614761609,42.90471952,2179.522886,1910.6532767367505,268.8696092632497,12.336168204074074,140.00478484341048,47.28200844728757,140.82444656275675,145.0,100.50471632997068,109.82375421321795,122.77569818361266,99.85277535971836,0.1863182531,0.2244037023,0.206464633,0.1975947463,0.1852186652,0,0,0,0,0
2008-08-01,34907,2380.768889,0.06820319389,28.68077027,2352.088119,2028.2306137461035,323.8575052538966,13.768935893081505,123.7380506488218,49.086124292079695,138.1617110546461,136.4837753,100.28838853296847,101.55108171553084,115.4435520828137,94.6818583626212,0.211240049,0.2127053558,0.1988315325,0.1979353762,0.1792876866,0,0,0,0,0
2008-09-01,34439,2329.658701,0.06764594504,40.3636589,2289.295042,1974.7705640708173,314.5244779291829,13.738922775738176,111.21327154646552,48.949313153620075,146.47867263093272,129.483331,100.02222981131052,99.75074768056633,102.88271568911442,97.842200221635,0.2020759849,0.2070065743,0.1958399032,0.2131003603,0.1819771773,0,0,0,0,0
2008-10-01,35936,2264.894458,0.06302578079,21.39719168,2243.497267,1905.146682922157,338.3505840778433,15.081390517149368,100.62043250563222,49.000349455656746,133.8761703078222,118.2656209,101.40135379763552,92.33259877819256,97.25487558127297,94.47503925567804,0.2161717425,0.2105062554,0.1902291755,0.1895539108,0.1935389157,0,0,0,0,0
2008-11-01,39447,2318.249843,0.05876872367,11.9228786,2306.326964,1920.491441918036,385.8355220819641,16.729437243919076,91.92809249619837,48.61328040883741,118.0125909067999,109.9003964,100.28458817253069,86.19818471062794,89.16682890743907,96.3755424118419,0.1971499738,0.2076930045,0.199475524,0.2077457455,0.1879357522,0,0,0,0,0
2008-12-01,39012,2075.533997,0.05320245046,25.14628425,2050.387713,1706.1497563272203,344.2379566727797,16.78892018764159,80.05382419957036,50.24628440415155,115.05981033527809,104.4316854,100.63200811993552,87.57382353514602,85.0,94.06561144502878,0.2000528146,0.2169462547,0.2066110658,0.1899033443,0.1864865205,0,0,0,0,0
2009-01-01,40078,1927.851388,0.04810248485,11.66117859,1916.190209,1566.3893236921474,349.8008853078527,18.255018925830065,78.72897052989092,50.22976749743404,106.88055426970554,105.9590125,101.33062296644232,84.90630166970892,85.0,100.93241969398142,0.201091206,0.2103138517,0.2011293671,0.2052474023,0.1822181728,0,0,0,0,0
2009-02-01,37048,1700.211159,0.04589211723,24.30510377,1675.906055,1355.2932194743203,320.61283552567977,19.130716460456956,57.486365982432524,49.841490848535,95.36557883249725,105.9088273,100.58644079899989,76.89005492096571,85.0,100.14718790468314,0.1930040484,0.1976738415,0.2159827626,0.201653935,0.1916854125,0,0,0,0,0
2009-03-01,37115,1746.83497,0.04706547137,19.96490137,1726.870068,1383.8554344963131,343.0146335036867,19.863372459802616,49.39984138675951,50.900407276295155,89.57456500138382,107.3150398,99.69118701453556,70.06074385885863,85.0,111.13388579994847,0.2016535222,0.2081427023,0.2083542653,0.1947527461,0.1870967641,0,0,0,0,0
2009-04-01,35244,1638.243972,0.04648291829,30.90371242,1607.34026,1274.8857276231877,332.45453237681227,20.68351926783768,46.08302311939734,49.91991891215287,85.0,108.9074223,103.47120580252987,71.5897843794183,85.0,108.31308290937145,0.1843270786,0.198460115,0.2065409224,0.2128479068,0.1978239772,0,0,0,0,0
2009-05-01,33160,1567.990981,0.04728561462,38.23256252,1529.758418,1233.7794265500797,295.9789914499203,19.34808712063713,47.725215055849354,50.02105911155674,85.0,112.0212123,102.7105668128216,72.67265480432833,85.0,105.6546071214152,0.186949199,0.2183428899,0.2169210633,0.1944340439,0.1833528039,0,0,0,0,0
2009-06-01,32332,1579.297196,0.04884625744,34.93819573,1544.359,1242.9645180012444,301.3944819987556,19.515830321755214,49.4613872845119,51.272905801435556,85.0,116.9657098,100.2422852758334,73.80312904900912,85.0,105.72979280843485,0.2014606581,0.208857054,0.2186633567,0.2046553194,0.1663636117,0,0,0,0,0
2009-07-01,33194,1673.474619,0.05041497316,34.85390688,1638.620712,1318.9495405702305,319.6711714297694,19.50855186247453,49.22362090542527,51.710739574347414,85.0,115.140407,100.84443883677447,75.38360961275482,85.0,100.39814017494358,0.1941566752,0.1984557231,0.2145770989,0.200451078,0.1923594248,0,0,0,0,0
2009-08-01,29829,1578.451984,0.05291669126,45.62773176,1532.824252,1243.8191114865156,289.0051405134844,18.854421186016335,50.50857879887835,52.30065860743069,85.0,118.6707286,100.96818612810767,72.79421605487313,85.0,96.55373239660581,0.2062304902,0.2070767217,0.2051933749,0.1920926803,0.1894067329,0,0,0,0,0
2009-09-01,32000,1656.391147,0.05176222336,44.26403,1612.127117,1292.3654861792124,319.7616308207875,19.83476535124789,51.17435743467042,52.31485796961574,85.0,116.544441,100.64124026970197,73.882106041045,85.0,95.18699573760996,0.2088528914,0.2103299935,0.2014309279,0.2009643293,0.1784218578,0,0,0,0,0
2009-10-01,29793,1620.718227,0.05439929604,48.39251492,1572.325712,1275.0357882202825,297.2899237797176,18.907655170350452,50.62472218695203,53.55987846793489,85.0,118.7848508,103.1268004229306,77.54532042549494,85.0,89.51112742493848,0.1969202106,0.2073117446,0.2148260588,0.1841424183,0.1967995677,0,0,0,0,0
2009-11-01,30852,1630.519509,0.05284971831,48.46761882,1582.05189,1277.355350336003,304.696539663997,19.2595793848454,58.2318213906275,51.83939195093732,85.0,120.4869959,104.71753961102584,76.86822439257463,85.0,93.69798224977755,0.2016249673,0.2084722794,0.1965481192,0.21077321,0.1825814241,0,0,0,0,0
2009-12-01,32848,1753.273088,0.05337533754,41.65057575,1711.622512,1381.429542461669,330.1929695383309,19.291226144981373,62.561478843597975,53.63094306278416,85.0,119.5224854,103.6022166241915,81.80150051927036,85.0,97.56296422502865,0.1994635469,0.2060269549,0.2156329156,0.1890085556,0.189868027,0,0,0,0,0
2010-01-01,32614,1764.79323,0.05411152357,43.0617358,1721.731494,1389.314309171828,332.41718482817214,19.307144347803405,58.856781264030886,53.66128365994124,85.0,120.2706967,105.23133249465764,73.89627099295612,85.0,98.16649480183138,0.2015691522,0.2143815026,0.1940631372,0.2022450386,0.1877411693,0,0,0,0,0
2010-02-01,35142,1880.423765,0.05350929841,36.30279786,1844.120967,1493.3732166637474,350.7477503362527,19.019779971746978,60.443837262334505,54.87022518011477,85.0,119.2145178,103.08105926936936,77.69781384269612,85.0,108.23088904025839,0.1940185065,0.211498727,0.2110217276,0.1929617838,0.1904992551,0,0,0,0,0
2010-03-01,34771,1896.971041,0.05455612554,30.92484872,1866.046193,1504.4068939641993,361.6392990358005,19.379975715092094,62.932714137775626,54.189676333698934,85.0,121.4339074,104.12120793942952,81.53514616783389,85.0,104.29267920841761,0.2062401573,0.2216929188,0.1979473887,0.1971889548,0.1769305803,0,0,0,0,0
2010-04-01,34233,1828.54505,0.05341468906,38.6231309,1789.92192,1452.3368416350527,337.5850783649474,18.860324274086064,64.06957908748142,54.64727379040016,85.0,124.0533951,102.91640952497445,80.91185021056512,85.0,106.63052781613904,0.1969801202,0.2131255874,0.1982204553,0.1946393416,0.1970344955,0,0,0,0,0
2010-05-01,34249,1894.988519,0.05532974742,32.3489358,1862.639584,1502.8560223036968,359.7835616963032,19.315790600974537,62.29628820164294,56.10774511055279,85.0,120.1736751,104.27679796169532,81.85724109361853,85.0,110.1658445139058,0.2059458988,0.2082908239,0.2083131363,0.1970684342,0.1803817068,0,0,0,0,0
2010-06-01,35084,1981.274622,0.05647231279,25.72699096,1955.547631,1583.7527570666996,371.79487393330027,19.01231491575468,73.7425245767766,55.64023789372311,85.0,119.6556612,105.76258089254868,82.63890202469427,85.0,104.98783595039743,0.2124918932,0.1973847063,0.1967699434,0.2020276728,0.1913257844,0,0,0,0,0
2010-07-01,37680,2037.355286,0.05406993858,10.64663216,2026.708654,1633.336329260685,393.37232473931493,19.409416541590144,72.14256021251119,55.79453689215713,85.0,120.0138443,105.55260321157863,83.00638797463245,85.0,105.37080428665021,0.1929837212,0.2064942421,0.1982415163,0.199953292,0.2023272284,0,0,0,0,0
2010-08-01,35625,1922.277539,0.05395866777,24.61686891,1897.660671,1536.4486291252447,361.2120418747553,19.034595984139216,69.75654215227962,55.3000730029074,89.54538063721314,120.6520941,106.14342813507203,77.02963476267314,85.0,97.40262716134524,0.1923229249,0.2081969443,0.2127858682,0.1978685405,0.1888257221,0,0,0,0,0
2010-09-01,36627,1961.094951,0.05354233083,26.53948493,1934.555466,1570.5166256327502,364.0388403672497,18.81769981606977,74.92899005427935,56.02782666936767,85.0,121.0023359,104.65243711094155,81.01933176979344,85.0,91.02375886972324,0.199375987,0.2047581324,0.2042942302,0.1872447581,0.2043268924,0,0,0,0,0
2010-10-01,36589,1989.283042,0.0543683359,24.19321107,1965.089831,1590.6236625345086,374.4661684654913,19.055931314597053,73.99570257614748,54.899223611271694,85.0,123.1119647,106.45954853476843,84.53248348599273,85.0,87.79438937906639,0.2057781563,0.1984909743,0.1986781079,0.2062501735,0.190802588,0,0,0,0,0
2010-11-01,38308,2078.130012,0.05424793809,19.2147974,2058.915215,1671.65367420365,387.2615407963498,18.809008645669255,76.43098615490383,55.850660709971585,89.52108984415507,124.2533007,107.32729597150727,83.18374157046787,85.0,91.68093468206158,0.2109719739,0.2064348256,0.2011553781,0.1915445874,0.1898932349,0,0,0,0,0
2010-12-01,34341,1910.417863,0.0556308163,36.08509487,1874.332768,1531.4237635263025,342.9090044736974,18.294990640301144,80.08700472365928,57.347722880185735,94.71120351089696,126.9523008,106.48598933525122,87.61414522494574,87.5777170341824,97.53814307912057,0.2024815522,0.213284113,0.2130134328,0.1908490004,0.1803719016,0,0,0,0,0
2011-01-01,33779,1916.73881,0.05674350365,41.97053723,1874.768273,1546.9557683227645,327.81250467723555,17.485494575426685,83.7899211764559,55.71128050993689,96.41967403109766,129.1723008,104.36426546292265,86.77519877432023,88.44541770938054,102.34080766822059,0.2014505242,0.1990007952,0.2116294578,0.1948861518,0.1930330711,0,0,0,0,0
2011-02-01,32487,1886.950587,0.05808325135,42.56480043,1844.385786,1522.4725419257206,321.91324407427953,17.453682766251784,87.4142940483022,57.51341614479733,88.7021906418343,132.3176724,106.59385776070573,89.93191727024302,90.46108038132985,105.49636787150027,0.2022154277,0.2172072523,0.1902576937,0.20105556,0.1892640663,0,0,0,0,0
2011-03-01,33609,2014.341178,0.05993457639,44.1381463,1970.203032,1619.8546832950458,350.3483487049541,17.7823474542777,89.7010568086965,57.75785717229451,96.86087416297205,137.0960496,106.7708612899239,88.05082920615808,90.81089841968408,101.86080022919545,0.1965657296,0.2209203054,0.1875205962,0.2126545642,0.1823388046,0,0,0,0,0
2011-04-01,33444,2066.033195,0.06177589985,41.70647577,2024.326719,1686.1765243845646,338.15019461543534,16.70432897227571,84.50778240277924,58.359355950548554,100.99591583417228,140.8635127,105.89391596084853,85.56144245032968,90.4764412196831,104.2980328325215,0.1835973016,0.2138424644,0.1989687402,0.2142223321,0.1893691617,0,0,0,0,0
2011-05-01,30184,1941.87904,0.06433471507,59.86119353,1882.017846,1550.1186618784834,331.8991841215165,17.635283577513775,85.27108195123293,56.995525980810484,102.82134971479151,137.2471648,105.68612799650273,90.15941370911759,88.89387095601798,106.31806932810811,0.1971878604,0.1978103847,0.2130230335,0.1967884345,0.1951902869,0,0,0,0,0
2011-06-01,28179,1851.709473,0.06571239124,61.76033262,1789.94914,1487.4902097985478,302.45893020145223,16.897627057797422,89.01020741834442,57.032362487881315,98.34209886352842,136.7417122,106.17092944663746,90.61416651258423,93.19799789803027,97.44065447450052,0.1943089581,0.2171131403,0.2030406557,0.1872051467,0.1983320993,0,0,0,0,0
2011-07-01,31224,1984.834138,0.06356758063,55.27761615,1929.556521,1591.1698574792788,338.38666352072113,17.53701743576555,90.75223154603913,59.84918813529096,98.20241674579084,138.1149529,108.74710009242992,90.18612141666657,94.42099728436915,97.72239242840075,0.2053446513,0.1966963342,0.2014566576,0.2019659566,0.1945364003,0,0,0,0,0
2011-08-01,31349,2012.775393,0.06420540983,50.3835926,1962.3918,1637.8749224644612,324.516877535539,16.53680358507098,89.37466782088569,59.3546014694912,102.48320955753697,135.1614925,107.75069365743394,91.30973544722332,95.31110429848347,97.54527350748029,0.2053366084,0.2090190454,0.2056024564,0.2040240038,0.176017886,0,0,0,0,0
2011-09-01,29052,1881.909063,0.06477726364,59.99806613,1821.910997,1527.4820081239418,294.42898887605804,16.160448526896843,91.41419507703819,59.89864248284958,101.75355453551975,136.3046932,109.81886090541123,92.23222941636371,94.80471770691697,95.21149927833453,0.2044511315,0.2051386414,0.2134610424,0.1933697974,0.1835793873,0,0,0,0,0
2011-10-01,31430,1975.800228,0.06286351346,47.41018295,1928.390045,1619.5931221722126,308.79692282778745,16.013198347940417,98.07373074874549,61.168305213811244,99.6368948744313,134.8687046,105.88005975401353,95.39788766973219,102.56042072995567,96.3096823117015,0.1998244847,0.2019157783,0.2019134937,0.2026588309,0.1936874125,0,0,0,0,0
2011-11-01,34205,2209.148519,0.06458554361,40.48152561,2168.666993,1808.3491041248049,360.31788887519485,16.614717245119934,102.61499041677786,60.31855761763952,102.55531346366016,135.4013697,108.76609766472541,94.25425061687908,104.13791164845055,95.02597385586469,0.1981652174,0.2097486927,0.2129035451,0.1951490023,0.1840335424,0,0,0,0,0
2011-12-01,34264,2203.425931,0.06430731763,42.67040673,2160.755525,1827.675190764588,333.0803342354121,15.414993986208234,97.71734804077525,58.9126552513789,111.0399147419664,134.1342702,110.40197864603785,91.45530952005302,96.78866972082459,96.16371801189396,0.1872719832,0.2113583631,0.2021400178,0.2155297045,0.1836999314,0,0,0,0,0
2012-01-01,36253,2351.76734,0.06487097179,31.5578373,2320.209503,1951.6039742226137,368.60552877738627,15.886734723773186,97.88363691303132,60.53879084936926,117.07843407563394,135.36547,110.90212092464807,93.11373769233109,99.2932203713527,97.70192954494725,0.1912296105,0.2178253445,0.205527606,0.2055233809,0.179894058,0,0,0,0,0
2012-02-01,35605,2263.177234,0.06356346676,30.57812213,2232.599112,1884.2117021952904,348.38740980470936,15.604566351933109,100.80113006974301,61.74764818890734,117.20348947024064,139.1441232,108.28017527617729,94.89439702634921,104.71762331699753,103.72759874833156,0.19389471,0.2105790329,0.2088652431,0.207405801,0.179255213,0,0,0,0,0
2012-03-01,38176,2463.514174,0.06453044252,22.99987074,2440.514303,2029.0328052914174,411.4814977085824,16.860441965153377,99.95138367444969,61.05710724458751,109.64128558540385,141.8196836,111.05940442021202,91.18534450910408,101.86127739766317,104.43923184796502,0.1981861621,0.1978655703,0.2182640852,0.2005451721,0.1851390103,0,0,0,0,0
2012-04-01,36208,2411.816014,0.06661003133,26.29795346,2385.518061,1996.4127192018007,389.1053417981996,16.31114633586501,104.12070638149493,61.45962556453204,116.48892114613666,139.1855203,110.685206788673,91.05536124606591,103.77749620205002,107.88407350150014,0.195161864,0.2090955365,0.2005770945,0.203189429,0.1919760761,0,0,0,0,0
2012-05-01,35697,2446.425028,0.06853307078,27.60785263,2418.817175,2026.960327611033,391.8568473889671,16.20034996605178,108.19572621230732,61.52516428514333,113.14294560227339,135.2139582,111.01395184734127,97.95837599657862,107.58864474716295,101.75383660610996,0.2069952738,0.205268543,0.2058627122,0.1920222484,0.1898512227,0,0,0,0,0
2012-06-01,36477,2445.653108,0.06704644319,22.0627256,2423.590383,2064.974683264444,358.6156997355563,14.79687748602344,108.07388549302459,63.48519787727026,116.50598448621635,128.574177,110.0747267898062,99.55930669087749,110.07515102505819,107.44453829638935,0.1980335995,0.1949801051,0.20323945,0.2105153097,0.1932315357,0,0,0,0,0
2012-07-01,34083,2201.445866,0.06459073047,37.26320806,2164.182658,1854.0943078986047,310.08835010139535,14.328196788526125,114.32102158971563,63.61002640388693,122.83858279904773,131.8376359,111.25268387731317,99.84645139464092,113.35163442390348,98.18780595789997,0.2158802076,0.1948994574,0.202375266,0.1891490195,0.1976960495,0,0,0,0,0
2012-08-01,34546,2110.905981,0.06110420833,27.81083557,2083.095145,1764.2929190721509,318.80222592784884,15.30425658631396,108.72630631097138,61.47202985746533,120.24296113184141,136.5330817,111.36132603440068,96.83876808112828,107.51603731089769,95.95252930717207,0.2016325369,0.1856867066,0.2265114197,0.193173023,0.1929963138,0,0,0,0,0
2012-09-01,34929,2217.229891,0.06347819552,31.88796257,2185.341929,1870.9354498147309,314.4064791852694,14.387061128193334,108.08031474206459,64.74778846007096,124.95853615966246,136.3177572,109.7629573304741,97.46637103767499,106.45093712086788,96.56739273996305,0.1879338001,0.2159726227,0.2010380716,0.1954949962,0.1995605095,0,0,0,0,0
2012-10-01,31703,2089.803473,0.06591816147,45.44801116,2044.355462,1735.7995680922686,308.55589390773133,15.093064765061456,104.07394323116144,62.90958017180411,119.65768313319859,135.8136388,107.46613841441851,95.91887208820742,107.78375378045924,95.58871426671871,0.2028259497,0.1984197934,0.221760181,0.1956032364,0.1813908396,0,0,0,0,0
2012-11-01,32745,2132.84981,0.06513512935,49.59751042,2083.2523,1781.8121320635037,301.4401679364965,14.469690874048068,107.39762276575576,65.45544458085101,118.96549738822098,134.6538061,112.30163326952422,94.79214924846592,107.47487241032636,96.12610863592803,0.2006810754,0.2037473936,0.215800982,0.1930082645,0.1867622846,0,0,0,0,0
2012-12-01,30845,2011.771277,0.06522195743,52.23864661,1959.53263,1649.1897666475375,310.34286335246236,15.837596098231973,96.71278138326646,63.08667305920738,114.6315248129714,134.8442162,112.43376683490264,93.10082459901163,101.79083289197894,95.45166993629135,0.1923734065,0.2146574399,0.2182329093,0.1882801376,0.1864561066,0,0,0,0,0
2013-01-01,29888,1922.975335,0.06433937819,56.13144445,1866.843891,1586.2374423744875,280.60644862551254,15.031061246112117,98.12661949813852,65.32360112385514,121.89895528715536,136.3598755,112.27954283675123,95.49269354980673,99.98632117335447,94.56967128661948,0.1984301322,0.2327137951,0.1929044565,0.1891494293,0.1868021869,0,0,0,0,0
2013-02-01,33765,2189.741747,0.06485241366,49.24891921,2140.492828,1804.1395421893274,336.35328581067256,15.713824471205966,93.27947702250852,64.29365089094621,111.4595565344335,137.7113425,111.12608024371409,91.9846516330262,97.57231021638619,102.52733332072314,0.1972947029,0.2232966984,0.1961702845,0.200052691,0.1831856232,0,0,0,0,0
2013-03-01,31885,2096.170554,0.06574158865,53.5926832,2042.577871,1700.7394848938618,341.83838610613816,16.735635441834187,98.47754286012504,64.92670524609296,109.5573631783702,134.3981768,111.34677441065303,92.97286321464509,101.05741911531071,106.93079889049474,0.2059161926,0.2063247509,0.1961199374,0.2036565371,0.187982582,0,0,0,0,0
2013-04-01,33613,2223.737552,0.06615706876,46.05138746,2177.686165,1828.8731842483546,348.8129807516455,16.017596399233472,96.75991179746455,66.06246851999452,104.48121413405076,131.675667,110.16839773174885,94.08543623235671,103.00655676681052,107.06645683433639,0.1971833425,0.2074558572,0.1995147444,0.205461768,0.1903842879,0,0,0,0,0
2013-05-01,31584,2027.492169,0.06419364769,48.27738871,1979.21478,1658.173757057259,321.04102294274105,16.220625784875203,90.1767954064374,65.06853133129206,115.06440132658668,131.8114267,114.22759574660157,91.16033732126233,95.75045485046357,107.54616879711998,0.1930517832,0.2017518139,0.2011327614,0.2092040943,0.1948595472,0,0,0,0,0
2013-06-01,31372,1983.519499,0.06322579049,45.32908055,1938.190419,1619.3781994408696,318.8122195591304,16.448962724912246,95.98357679424099,66.21699373409,110.88740609590745,131.96923,112.40230161319846,90.20767675278252,102.10871433391323,102.04267070661301,0.2147785003,0.1967248826,0.2037143125,0.204260856,0.1805214487,0,0,0,0,0
2013-07-01,32134,2028.254639,0.06311864812,48.68831334,1979.566325,1654.4089334530331,325.15739154696695,16.42568816414711,87.33795929364125,66.51520214154849,105.16508666312825,134.1616805,113.74016420724249,91.41410770428276,97.969567414852,97.99098041802493,0.2022072972,0.1990460483,0.2101456318,0.1991405902,0.1894604325,0,0,0,0,0
2013-08-01,33856,2186.314418,0.06457686725,43.07833551,2143.236082,1796.4960325281208,346.74004947187916,16.178341358844257,81.7347566567592,67.52673081516521,110.51370362211279,135.6254211,112.53362102941045,88.21252365935608,92.12586390363387,93.95945951076699,0.1871545352,0.2110056183,0.2135187415,0.2095959346,0.1787251704,0,0,0,0,0
2013-09-01,34590,2278.646713,0.06587588067,40.54632301,2238.10039,1851.2409525932187,386.8594374067813,17.285169116421148,83.79055900784682,67.9715308776355,102.90500039919151,135.7636258,110.35297446490192,88.07583403683186,92.26719440463368,96.21714804506526,0.203050957,0.2129747273,0.2094805595,0.1876592304,0.1868345258,0,0,0,0,0
2013-10-01,35714,2422.413547,0.06782812193,27.64851186,2394.765035,1969.5083824272574,425.2566525727425,17.75776104784921,84.23304475776708,68.57183895867917,96.03629974029698,134.6616556,114.35074773373206,88.50681236064678,93.73792383734471,94.5345516834073,0.2034433454,0.2074866031,0.2106946707,0.2023118126,0.1760635681,0,0,0,0,0
2013-11-01,35625,2418.870946,0.06789813182,38.60479806,2380.266148,1978.003748682228,402.26239931777206,16.89989162160584,80.35079911892842,67.42610266814137,102.82507418411448,134.0999426,115.08332460631974,86.4685161253227,89.4099011254129,94.64808269912898,0.2034153779,0.2013977929,0.2303493777,0.1883548028,0.1764826488,0,0,0,0,0
2013-12-01,36681,2466.329142,0.06723723842,29.50772206,2436.82142,2037.7538246550503,399.06759534494995,16.37656301235853,87.29869146890333,67.62436296552896,103.06467090905589,135.3963721,116.07940981237947,87.3149918496133,97.1419689198459,96.78871788599116,0.1930735209,0.2134982877,0.1945060911,0.1984258084,0.2004962918,0,0,0,0,0
2014-01-01,39071,2609.132653,0.06677926474,29.44596715,2579.686686,2143.796931478938,435.88975452106206,16.89700368989159,80.56142084529776,66.95688960904512,97.10355281284271,134.2423811,113.93599750829345,87.38958181829868,91.8795831591673,99.27131231344137,0.1907652854,0.2213567726,0.1997525056,0.2083345612,0.1797908752,0,0,0,0,0
2014-02-01,36017,2464.011968,0.06841247099,29.49673056,2434.515237,2015.8951300135952,418.6201069864048,17.195214087148667,81.82524380129772,66.91263833532057,96.5076314460903,134.584694,113.7210760194245,86.68664066920915,92.15197073668517,101.95862930468111,0.1992258946,0.2115765221,0.2047129995,0.2002971059,0.1841874779,0,0,0,0,0
2014-03-01,36158,2421.489365,0.06696967102,33.75055088,2387.738814,1951.104738508789,436.63407549121087,18.286509099366295,78.81456301478107,66.5835869244723,96.97178624489457,133.9639235,114.69956516616902,87.65871541522657,87.83447340964466,106.83856134761449,0.1867386842,0.222946812,0.191024686,0.2132371801,0.1860526377,0,0,0,0,0
2014-04-01,36032,2410.574504,0.0669009354,30.23863649,2380.335868,1974.3030775170332,406.03279048296696,17.05779406769696,66.26191578787198,67.57387517672075,98.31301595912844,134.0838669,113.4903444135763,79.33183920225974,85.0,104.03868987212135,0.1968967447,0.2127852863,0.2053038582,0.202127432,0.1828866787,0,0,0,0,0
2014-05-01,34026,2233.804741,0.06564993655,32.62886614,2201.175875,1812.586153536604,388.58972146339596,17.653733437515346,69.03820523703448,67.99440295906695,97.13904854823946,134.8639341,113.90970570336911,79.95894404659853,85.0,108.98702317084421,0.1889397546,0.198216879,0.2093794988,0.2093834206,0.194080447,0,0,0,0,0
2014-06-01,33214,2198.024632,0.06617765496,44.41562974,2153.609002,1759.9761918896272,393.63281011037293,18.277821542574184,59.00885865450246,67.99983376601944,85.50717192391494,135.8505326,115.91714534064732,75.72212811265506,85.0,106.78264619555085,0.1932360301,0.2121697583,0.1990307132,0.2045194813,0.1910440171,0,0,0,0,0
2014-07-01,31803,2101.736709,0.06608611479,47.77202154,2053.964687,1685.8727353781599,368.0919516218402,17.921045768292714,64.49436818108292,68.55669691328566,89.94347060913637,133.6522336,115.12228406281076,81.7614364776439,85.0,104.29852826753252,0.2099716006,0.1880944277,0.209700229,0.2052075685,0.1870261741,0,0,0,0,0
2014-08-01,30606,2071.708341,0.06768961449,52.51047303,2019.197868,1641.8525780472182,377.3452899527817,18.68788076358952,68.85781985020014,67.12746153044479,85.0,131.3957613,114.99020798416602,81.33707828052114,85.0,100.0888242124121,0.2069279207,0.2066881015,0.2028654835,0.1956864792,0.187832015,0,0,0,0,0
2014-09-01,31361,2073.59446,0.0661201639,52.22930201,2021.365158,1647.584234222291,373.7809237777092,18.491509181227766,60.20191431736409,69.71288069456519,85.0,129.4206523,116.31456648959366,76.8599153134165,85.0,93.34520833260898,0.2021143839,0.2052020299,0.2120221791,0.1913556601,0.189305747,0,0,0,0,0
2014-10-01,30301,1983.706706,0.06546670758,52.21266787,1931.494039,1583.3317434793607,348.16229552063913,18.02554336128806,59.122941818470316,68.68686377742999,91.30698698027291,125.1936809,115.65056008287766,74.98963341387434,85.0,96.34559881293356,0.1981111623,0.212666158,0.2127210509,0.1895563453,0.1869452835,0,0,0,0,0
2014-11-01,28607,1819.288222,0.06359591085,58.85847799,1760.429744,1436.4739225404792,323.95582145952096,18.40208747685877,60.691019135894074,69.43011849769215,85.0,121.7008766,119.18051199278474,83.2468894549772,85.0,94.53846393904026,0.2031147428,0.2228260686,0.2069604097,0.1989270152,0.1681717637,0,0,0,0,0
2014-12-01,31002,1887.702748,0.06088970866,53.67609654,1834.026651,1491.4199483170248,342.6067026829751,18.680573834418894,60.50335550191294,68.94613266321083,85.0,114.2218919,116.16102537656182,78.26648460963024,85.0,97.29364695461406,0.2053336857,0.2045763946,0.2165759871,0.198023971,0.1754899616,0,0,0,0,0
2015-01-01,34214,1993.851621,0.05827589938,47.88783346,1945.963788,1593.215538993979,352.74824900602107,18.127174368879935,54.69884910148442,68.08310186116185,85.0,107.8481204,118.59645552740295,74.4919840706692,85.0,101.16077260692275,0.1813352517,0.2148250629,0.1939736558,0.2110273334,0.1988386963,0,0,0,0,0
2015-02-01,31241,1699.881478,0.05441187793,41.50453528,1658.376943,1345.9937387828722,312.3832042171277,18.83668279010363,53.248801530105965,68.63800058161284,85.0,112.3679861,117.79679860619599,74.22969249618724,85.0,102.44411127386458,0.1976095225,0.1964530545,0.2098406271,0.1990755881,0.1970212078,0,0,0,0,0
2015-03-01,32478,1673.515357,0.05152766049,43.04589532,1630.469462,1329.0673653749147,301.40209662508533,18.485602070422914,55.17377830110066,66.37444680302508,85.0,111.4015475,118.34648466677068,78.27792233043277,85.0,105.1932751507061,0.188459748,0.2021343024,0.2070080718,0.2007448823,0.2016529956,0,0,0,0,0
2015-04-01,34836,1890.245283,0.05426126084,35.22186567,1855.023417,1509.7417914864088,345.2816255135913,18.613329748256827,51.429745937565876,69.2985323396216,85.0,112.9927848,117.82989650474913,73.86347111599687,85.0,107.8474142516915,0.199085389,0.2044306532,0.2071161759,0.1958087816,0.1935590003,0,0,0,0,0
2015-05-01,34471,1868.087665,0.05419302211,33.34991147,1834.737754,1491.3854260711116,343.35232792888837,18.713973001336537,47.74023503984247,69.18638521744795,85.0,114.9827826,117.44633801419548,70.8098870086442,85.0,107.56956855173361,0.1963155683,0.2008588535,0.2158734058,0.1915702815,0.1953818908,0,0,0,0,0
2015-06-01,35363,1913.021997,0.05409671118,27.66226796,1885.359729,1540.3549845958837,345.0047444041163,18.2991467939706,48.03769915982818,70.32662075977177,85.0,113.8470121,117.84682457445294,72.89705017309527,85.0,104.97489529521533,0.1904148063,0.215850521,0.2111357567,0.1983659293,0.1842329867,0,0,0,0,0
2015-07-01,35675,2018.701889,0.05658589738,19.1353947,1999.566494,1637.3244326011652,362.24206139883466,18.116029773743282,45.40156041366217,68.06582003746759,85.0,111.6970923,117.34275821751676,75.29128063463106,85.0,106.34077084720808,0.1879556102,0.2058828119,0.2028362564,0.204874936,0.1984503854,0,0,0,0,0
2015-08-01,35073,1928.642975,0.05498939285,27.80926676,1900.833709,1545.567558038331,355.2661509616689,18.690017400236925,44.22454856558219,69.52209911779556,85.0,107.3039086,118.73571540037896,74.05131958730534,85.0,102.32322466668248,0.2005244391,0.2012835278,0.2001173192,0.1947459192,0.2033287947,0,0,0,0,0
2015-09-01,37233,2019.393634,0.05423666193,21.48781482,1997.905819,1623.702248603257,374.203570396743,18.729790305332855,48.53584066784005,69.45502036082405,85.0,107.7885094,119.67696722132605,75.92458129962274,85.0,95.05563427480072,0.2170195774,0.1911259281,0.2043389277,0.2007697919,0.1867457748,0,0,0,0,0
2015-10-01,37136,1958.748029,0.05274526144,22.89519691,1935.852832,1577.0093587872655,358.84347321273464,18.536712464965653,38.66150199686673,68.80317554941757,85.0,108.1413257,115.81019999457062,70.0,85.0,94.34618358170734,0.2003198993,0.210856916,0.2045902978,0.1956994702,0.1885334167,0,0,0,0,0
2015-11-01,39171,2050.554339,0.05234878708,22.19336573,2028.360973,1659.2964412588558,369.06453174114415,18.19520966207942,36.03875792511785,68.75357690382573,85.0,106.3211436,117.43432695689688,70.0,85.0,95.88231315513714,0.2122374332,0.2075867207,0.1999949989,0.1927555878,0.1874252593,0,0,0,0,0
2015-12-01,37319,1948.594729,0.05221454833,21.73444203,1926.860287,1562.1769080469028,364.68337895309713,18.926301061551595,41.07383390550956,69.10207868147873,85.0,103.5827397,117.73874458065741,70.0,85.0,98.6249148513893,0.2008963808,0.2212532165,0.2049819947,0.1851063911,0.1877620168,0,0,0,0,0
2016-01-01,37420,1946.358884,0.05201386648,27.47321105,1918.885673,1548.2899495829063,370.5957234170937,19.313069487756486,31.854372070050196,70.94397291337273,85.0,100.3878933,120.17689319547867,70.0,85.0,104.05022643970867,0.1935211371,0.2176043371,0.1993136902,0.2011176326,0.1884432031,0,0,0,0,0
2016-02-01,36319,1820.933075,0.05013720299,27.63612772,1793.296948,1457.6909280787702,335.60601992122974,18.71447003216724,38.542135687395486,71.05947786736267,85.0,101.0359622,120.36615535373006,70.0,85.0,101.29117152766561,0.208458132,0.2089688116,0.1966655054,0.2000097223,0.1858978287,0,0,0,0,0
2016-03-01,34164,1670.733118,0.04890332274,37.94426376,1632.788854,1313.131954345997,319.65689965400287,19.57735679484268,30.0410283989782,69.23366410622663,85.0,103.6723849,119.34276541870527,70.0,85.0,103.69376357869396,0.1985087356,0.2136982095,0.1953278745,0.2174096007,0.1750555797,0,0,0,0,0
2016-04-01,34035,1693.789594,0.04976611119,35.25465666,1658.534938,1348.0510936390692,310.4838443609309,18.72036803368992,30.883438313154382,70.36661463458434,85.0,105.1473229,121.86687635102885,70.0,85.0,105.7348819191909,0.1913638684,0.2102966365,0.192721957,0.2018857895,0.2037317486,0,0,0,0,0
2016-05-01,30737,1568.037781,0.05101466575,42.10184193,1525.935939,1234.5283037337383,291.40763526626165,19.096976997424374,34.234365650658226,70.9930895823806,85.0,107.4033409,119.82678488010268,70.0,85.0,112.78555103361747,0.1979624111,0.2034112271,0.2074907265,0.1860589727,0.2050766626,0,0,0,0,0
2016-06-01,33914,1741.556291,0.05135213454,31.85614202,1709.700149,1388.21052949989,321.4896195001098,18.803859828177966,36.9542172672796,70.98928608595462,85.0,108.0614203,121.15315268071494,70.0,85.0,106.34759909664982,0.1873551658,0.2080468953,0.2062582011,0.2067300914,0.1916096464,0,0,0,0,0
2016-07-01,32126,1698.763925,0.05287816489,41.83115608,1656.932769,1342.3107028684917,314.6220661315083,18.988221611513573,37.239495280837126,69.62835539578316,85.0,106.6203773,121.68421753077325,70.20672571855197,85.0,96.0420000708283,0.2018957342,0.2038236644,0.2154830575,0.1932655237,0.1855320202,0,0,0,0,0
2016-08-01,29590,1575.991964,0.05326096533,50.76111695,1525.230847,1237.2657279517355,287.96511904826457,18.880100649332366,34.07894292327007,70.47617684357087,85.0,107.0100664,120.7545853731527,70.0,85.0,97.32338690980312,0.1937712645,0.1979743226,0.2030322043,0.2002478964,0.2049743122,0,0,0,0,0
2016-09-01,27815,1464.571327,0.05265401141,51.93889763,1412.63243,1145.4049239165815,267.22750608341863,18.91698791619973,34.55083240909135,69.92330694713488,85.0,107.3269659,122.41989800687712,70.0,85.0,90.22901105313423,0.1882521767,0.2191319613,0.1997071427,0.1975998624,0.195308857,0,0,0,0,0
2016-10-01,33367,1748.833083,0.05241205631,36.46487024,1712.368213,1392.5309221719167,319.8372908280833,18.678067509075124,38.091154261191996,71.99940337318078,85.0,108.6190168,120.94941144625038,70.0,85.0,95.10089897467348,0.1926000806,0.2077528509,0.1984231674,0.2189825946,0.1822413065,0,0,0,0,0
2016-11-01,32371,1711.667784,0.0528765804,46.9068282,1664.760956,1349.9651418363023,314.79581416369786,18.909370323056628,38.388183419475034,73.37689822618792,85.0,106.5251287,121.59209413273568,70.0,85.0,94.3530292403602,0.2026144933,0.1998586045,0.1995953253,0.19648434,0.2014472369,0,0,0,0,0
2016-12-01,34953,1874.580239,0.05363145479,39.37447146,1835.205768,1485.3205140415025,349.8852539584974,19.06517841537742,36.71037745802757,71.3751358888124,85.0,110.2746621,121.97032879612996,71.10855260539661,85.0,100.35766812586604,0.1990781962,0.2014412058,0.2072010384,0.2073285551,0.1849510045,0,0,0,0,0
2017-01-01,32767,1724.118932,0.05261753996,41.89247937,1682.226452,1367.473181369994,314.7532706300061,18.7105172585888,41.43754826194136,69.81286581312845,85.0,110.8292231,122.9669386857676,71.22999543313867,85.0,103.38893438117694,0.1959811645,0.2094227838,0.1970436959,0.2181637074,0.1793886485,0,0,0,0,0
2017-02-01,35229,1917.210105,0.05442136039,34.00235976,1883.207745,1534.162632846476,349.04511215352386,18.534604749808093,44.52108533723049,72.2986411866161,85.0,110.9572772,124.0070601988678,74.0164038009029,85.0,107.32483067339635,0.1917804848,0.2080175326,0.2123501967,0.1961632089,0.1916885771,0,0,0,0,0
2017-03-01,36153,1973.270906,0.054581111,31.82494202,1941.445964,1592.8213852013644,348.6245787986356,17.95695503573828,42.66610680074244,73.00363876169203,85.0,109.5227929,121.59360204421836,72.84107778273184,85.0,106.15987842876366,0.1950336205,0.2264433494,0.1825541439,0.1980605346,0.1979083517,0,0,0,0,0
2017-04-01,36709,1989.835271,0.05420565179,23.37755673,1966.457715,1589.3854209150986,377.0722940849013,19.175204796351355,48.59899900967805,73.05548681365906,85.0,109.8371039,121.07000132804782,74.75503853129477,85.0,107.73884841269796,0.1899953801,0.2030887927,0.2000662302,0.209986102,0.1968634951,0,0,0,0,0
2017-05-01,36081,1935.260518,0.05363655437,30.19948387,1905.061034,1544.5523250423585,360.50870895764166,18.923735382939004,45.60272411912584,72.11864037300211,85.0,108.9706623,123.74613593755913,70.86247621121576,85.0,108.25130177502942,0.2002836961,0.198382058,0.219509996,0.1993377117,0.1824865383,0,0,0,0,0
2017-06-01,37240,1977.588525,0.0531038809,12.85376933,1964.734755,1603.2829620708003,361.4517929291996,18.396976589809427,44.66298783051202,72.52515932686347,85.0,107.239706,120.65556658337857,71.48182288467346,85.0,104.74854665255002,0.2098464404,0.2029255657,0.1932861479,0.2074767556,0.1864650904,0,0,0,0,0
2017-07-01,35156,1854.934107,0.05276294535,26.33098247,1828.603124,1485.2561760461947,343.3469479538052,18.776460755614742,46.60075211475966,72.29156901537667,85.0,108.1625657,123.45537046818092,73.11956859855684,85.0,98.11470705648082,0.1960841297,0.2063305615,0.2037822107,0.194653023,0.1991500751,0,0,0,0,0
2017-08-01,36381,1914.510522,0.05262391143,16.53547896,1897.975043,1536.067985077574,361.9070579224261,19.068061998875613,45.33128213157653,72.90651003004542,85.0,109.5731767,124.31279866867477,76.67473409446728,85.0,94.81674780215366,0.2178306235,0.1913427848,0.2194620441,0.1886591103,0.1827054373,0,0,0,0,0
2017-09-01,34654,1845.230553,0.05324726014,29.83303061,1815.397522,1475.07096022393,340.3265617760701,18.746668850860647,44.72379044488953,73.19757588169794,85.0,111.518481,121.73526029684518,73.21687070299386,85.0,96.21528221620059,0.2080526684,0.2063687268,0.2157060232,0.1946865891,0.1751859925,0,0,0,0,0
2017-10-01,36582,1954.515124,0.05342832879,27.64653614,1926.868588,1566.9967980619333,359.8717899380667,18.676509242988743,51.04284978966528,71.95596147822924,85.0,112.1109569,123.0544465822716,74.07237250230764,85.0,90.00422202633796,0.212742524,0.1957638314,0.2047615709,0.2005791157,0.1861529581,0,0,0,0,0
2017-11-01,32120,1771.383421,0.05514892344,41.27761835,1730.105803,1401.2169302743962,328.8888727256037,19.009754903735427,47.430290555202234,72.20399629917667,85.0,114.3876659,123.91585468390356,73.18800643678134,85.0,99.08695422242239,0.1980638248,0.2060161835,0.215063243,0.1973373456,0.1835194031,0,0,0,0,0
2017-12-01,31402,1726.611819,0.05498413538,46.20831303,1680.403506,1367.665964316198,312.73754168380225,18.610859865928074,50.20431143017975,72.51424612062297,85.0,115.1133952,124.36814794109266,74.79141979844628,85.0,94.78530940783959,0.2053237065,0.2205596229,0.1941953143,0.1940143248,0.1859070315,0,0,0,0,0
2018-01-01,33813,1879.642531,0.05558934524,41.15898063,1838.48355,1488.2198269623273,350.26372303767266,19.051773568366855,52.18779981203247,72.71772114738974,85.0,117.1702439,124.72760609883622,74.33431297402406,85.0,103.13697733442011,0.1975459858,0.2042276588,0.1916847223,0.2084415664,0.1981000666,0,0,0,0,0
2018-02-01,31965,1806.280962,0.05650808577,53.18138789,1753.099574,1432.7853111738364,320.31426282616366,18.27131028817212,54.88953127630396,73.16972437533963,85.0,115.5261197,125.43428674467394,77.26607424546005,85.0,102.57215071507136,0.191290271,0.2261994015,0.1939423256,0.2023385134,0.1862294885,0,0,0,0,0
2018-03-01,31316,1816.340236,0.05800039074,53.37327469,1762.966962,1439.5346543351723,323.43230766482776,18.345908609535687,56.197400286472366,74.02564624582583,85.0,115.8318608,126.0085383572884,78.52663711945739,85.0,101.44470583089613,0.1932310122,0.2123921213,0.1981124762,0.2076036872,0.1886607031,0,0,0,0,0
2018-04-01,29913,1681.116123,0.05620018465,49.17379647,1631.942327,1339.2776680878196,292.66465891218024,17.933517261617066,55.81478239989701,72.19984199963056,85.0,118.4946867,123.50274983696133,81.0979314382592,85.0,106.71397042562211,0.1903284169,0.2147972481,0.2187394464,0.196473034,0.1796618547,0,0,0,0,0
2018-05-01,28594,1636.77888,0.05724203958,50.02373147,1586.755148,1295.256643290506,291.4985047094939,18.37073004470214,49.907089877497306,74.09428195435615,85.0,120.6239729,127.12071474393139,76.86287089157163,85.0,104.4732421510142,0.1935466749,0.1982380565,0.2079974544,0.2013388804,0.1988789338,0,0,0,0,0
2018-06-01,31220,1850.256519,0.05926510311,49.09225007,1801.164269,1470.4869156106904,330.6773533893097,18.359089122554078,56.985258889143886,73.31624730836943,85.0,119.4999203,125.50168126469974,77.27070633887963,85.0,99.73781576897322,0.2049823444,0.1965002153,0.2186312663,0.192392471,0.187493703,0,0,0,0,0
2018-07-01,29458,1768.220659,0.0600251429,54.0591537,1714.161506,1398.2939640472302,315.8675419527697,18.426941734903814,56.03561206532502,71.2953389564982,85.0,119.4340329,125.56793298195082,75.02971074823672,85.0,102.76312812414616,0.2191525053,0.203904165,0.1956253205,0.1897258034,0.1915922059,0,0,0,0,0
2018-08-01,30236,1790.223042,0.05920832921,48.45195338,1741.771089,1423.1312017649302,318.63988723506986,18.29401631749497,59.40195023443453,73.38364681632383,85.0,118.6793386,127.62588488777672,75.1996035566615,85.0,97.32799033849072,0.1983077783,0.1960685229,0.2282189066,0.1976558568,0.1797489354,0,0,0,0,0
2018-09-01,32936,1978.587344,0.0600736988,40.88470068,1937.702643,1598.0133233794786,339.6893196205216,17.5305184646188,64.30297490268161,73.59868432447024,85.0,121.4617231,125.86872853324479,81.56532073286627,85.0,94.67632883018136,0.1994947327,0.2089025281,0.2162563394,0.1813378352,0.1940085646,0,0,0,0,0
2018-10-01,32905,1989.266583,0.06045484221,43.27292988,1945.993653,1591.254638652667,354.7390143473331,18.229196883579615,64.69188501946182,74.36994064771767,85.0,122.3980445,125.68561908589545,82.1903515324669,85.0,98.36490110872846,0.2027618695,0.1968273521,0.2295304369,0.1846430852,0.1862372563,0,0,0,0,0
2018-11-01,35344,2218.708771,0.06277469361,32.10489112,2186.60388,1781.5863912694442,405.0174887305559,18.522673102114677,63.68782260485933,74.51086321434396,85.0,115.2771606,124.6950925234131,82.32112109536794,85.0,91.12930722124825,0.201830732,0.217932265,0.1993508614,0.1908076269,0.1900785147,0,0,0,0,0
2018-12-01,35948,2241.924192,0.06236575588,28.03806238,2213.88613,1800.7169357023884,413.1691942976115,18.66262174457959,65.7284926242784,74.13216244947287,85.0,112.0473856,128.69546334128464,80.79178977173758,85.38431290184477,100.91268164023892,0.1993101268,0.2121091949,0.1937783996,0.2095585039,0.1852437747,0,0,0,0,0
2019-01-01,38687,2252.740626,0.05822991254,19.88861119,2232.852015,1829.785851486236,403.0661635137641,18.051629073759468,59.790571297428514,73.58373883889504,89.9458359768279,112.9426096,125.26536683967723,77.82951641042114,85.0,101.84098506943045,0.2032682071,0.211588395,0.213814037,0.1902044798,0.1811248811,0,0,0,0,0
2019-02-01,38633,2196.385487,0.05685257389,24.49221864,2171.893268,1765.2346935420123,406.6585744579875,18.723690544538655,63.003464701354154,75.09554705466174,85.0,114.9327125,126.04983585066611,78.91969174725227,85.0,104.0468977467958,0.1976301517,0.2131485434,0.1953957066,0.2079149421,0.1859106562,0,0,0,0,0
2019-03-01,35358,2017.044349,0.05704633602,34.2778816,1982.766467,1620.9434447582712,361.8230222417288,18.248393255771596,61.82864486917642,73.8896682608753,85.0,115.8851689,125.29880840456626,80.25977530948525,85.0,98.85178469379653,0.1977284039,0.2219055573,0.1954860185,0.2014646772,0.1834153431,0,0,0,0,0
2019-04-01,35827,2098.227627,0.05856554072,29.12591031,2069.101717,1677.33728885861,391.76442814138994,18.934034268233606,54.492840212982486,73.57865387814093,85.0,118.1130752,127.59635895995332,71.5463855248401,85.0,107.3127217664119,0.1878645417,0.2204946043,0.2077106005,0.1996679374,0.1842623162,0,0,0,0,0
2019-05-01,34790,2039.642264,0.0586272568,31.29593888,2008.346325,1631.154323825594,377.192001174406,18.781222963345527,55.70317089239933,74.11425698558023,85.0,118.1499801,126.05639538699704,72.66549016525396,85.0,104.4006363501267,0.1937668911,0.2127524293,0.2033483849,0.2010025807,0.1891297141,0,0,0,0,0
2019-06-01,35635,2121.36864,0.0595304796,27.74531491,2093.623326,1703.5536309117078,390.0696950882921,18.63132160614321,50.27425097755967,74.29460671950267,85.0,115.0464088,129.92954106679596,70.0,85.0,107.09245883083977,0.1933686299,0.2053454425,0.2195893586,0.1982317176,0.1834648514,0,0,0,0,0
2019-07-01,34476,2061.159287,0.05978533724,36.28569567,2024.873591,1666.1732161769203,358.7003748230798,17.714704582913384,52.430345058320995,74.73223937465107,85.0,114.9146218,127.91857206042964,73.94619644861312,85.0,99.8479449873428,0.2071649088,0.2065147659,0.2034556827,0.1879085075,0.1949561351,0,0,0,0,0
2019-08-01,33073,1927.841917,0.05829050638,42.84316887,1884.998749,1555.6660966356437,329.3326523643563,17.47123983711229,50.12946575122029,74.56320588487624,85.0,112.7818049,127.5658341449015,73.6618096641691,85.0,93.4202195862827,0.209486378,0.1867153442,0.2099732429,0.2019773506,0.1918476842,0,0,0,0,0
2019-09-01,32214,1874.707133,0.05819541606,40.47720019,1834.229933,1494.2399356496594,339.9899973503407,18.535843911033844,41.699687743627884,74.72811101787667,85.0,114.4368945,129.64219056319038,72.92950136503264,85.0,93.43251724217205,0.2110317351,0.2160462231,0.2170210812,0.1863334621,0.1695674985,0,0,0,0,0
2019-10-01,32375,1870.115392,0.05776418199,49.84763183,1820.26776,1494.1721843683256,326.0955756316744,17.9147036934651,46.01308620486573,75.71094615265297,85.0,113.0753273,128.1195887003356,72.34840512385391,85.0,92.86679054576517,0.20865734,0.2210374191,0.1957800493,0.1926088639,0.1819163277,0,0,0,0,0
2019-11-01,33105,1909.16561,0.05767000787,46.37571087,1862.7899,1514.6732177138942,348.11668228610574,18.687919785591802,37.54900467561075,75.852886874436,85.0,114.6053566,129.48396950015203,70.0,85.0,95.73785589229466,0.2084822349,0.2009546488,0.2069128916,0.1881408031,0.1955094215,0,0,0,0,0
2019-12-01,32634,1879.321551,0.0575878394,50.53949993,1828.782051,1477.9943884985064,350.7876625014934,19.181490889506406,42.75252023929873,75.74000750087205,85.0,116.3568212,130.9500182999239,70.7152359909897,85.0,96.24400932442428,0.2155219335,0.2062353761,0.1957653904,0.2030274195,0.1794498804,0,0,0,0,0
2020-01-01,32881,1888.853773,0.05744514379,45.8650106,1842.988762,1494.9739923258828,348.0147696741171,18.883173725728724,31.13670310512043,75.16420903595278,85.0,114.7949451,129.115784545771,70.0,85.0,102.83487335303434,0.1919879076,0.2143364615,0.205298382,0.2048059448,0.1835713042,0,0,0,0,0
2020-02-01,32766,1949.496017,0.05949752844,51.83712186,1897.658895,1546.240900078944,351.41799492105616,18.51850171002709,30.40171852771806,74.9759979929607,85.0,111.3016459,129.85802373509765,70.0,85.0,104.91303607454843,0.2026739149,0.203889981,0.2108336127,0.1976342448,0.1849682467,0,0,0,0,0
2020-03-01,32716,1883.130661,0.05755992974,43.36068826,1839.769973,1490.7312438893312,349.0387291106687,18.971867909199144,28.246162963877403,75.42242397746868,85.0,100.9615627,129.6374382128191,70.0,85.0,103.78348901154345,0.1892012039,0.2139984858,0.2022059208,0.2120462456,0.1825481439,0,0,0,0,0
2020-04-01,31922,1787.585337,0.05599853823,44.42781272,1743.157525,1410.1395697076707,333.01795529232936,19.104294965673247,22.193642403900316,75.58852646363341,85.0,95.0,130.37404998020153,70.0,85.0,98.82652001460899,0.1845562903,0.2061885111,0.2048107117,0.2207907793,0.1836537075,0,0,0,0,0
2020-05-01,33978,1725.527857,0.05078367936,35.33692856,1690.190929,1381.440782068908,308.7501469310922,18.26717571569053,16.104028793913635,76.47707923381911,85.0,99.81042416,134.64155285130815,70.0,85.0,93.90172287837974,0.2018270953,0.2005742715,0.2129277001,0.1928414688,0.1918294644,0,0,0,0,0
2020-06-01,34410,1642.008588,0.04771893601,33.91676774,1608.09182,1306.4358024527828,301.65601754721723,18.75863142859698,18.07857916896149,75.67778653573097,85.0,104.5716193,128.63591246602542,70.0,85.0,88.50396276773566,0.2018824447,0.2214572808,0.2024913476,0.1915015894,0.1826673376,0,0,0,0,0
2020-07-01,33550,1689.033097,0.05034375848,27.052095,1661.981002,1357.539623323558,304.44137867644184,18.317981872842243,29.041777737769575,75.03622147090712,85.0,105.8727231,132.51288659518463,70.0,85.0,86.55016264610155,0.1995557638,0.1895583078,0.2095351145,0.2175677974,0.1837830165,0,0,0,0,0
2020-08-01,34091,1786.831479,0.0524135836,26.3996996,1760.431779,1436.0351208792713,324.39665812072866,18.427107598852807,28.498789680665716,75.56568756746407,85.0,106.5259635,131.70979607295027,70.0,85.0,88.51168177920523,0.2093380349,0.1985857869,0.2167307702,0.1889153341,0.1864300739,0,0,0,0,0
2020-09-01,35655,1895.511986,0.0531625855,26.24601126,1869.265975,1538.278316103539,330.98765889646097,17.706825209636683,32.891614594918586,77.88236283788713,85.0,104.8526798,131.02665535841942,70.0,85.0,86.10610568635988,0.201077785,0.2139653726,0.2060103786,0.1965934109,0.1823530529,0,0,0,0,0
2020-10-01,34654,1853.982794,0.05349982092,26.00040805,1827.982386,1499.4132230989997,328.5691629010002,17.97441624259722,43.7298592936244,75.96039310651109,85.0,104.5378285,133.30588313884647,72.0888860686263,85.0,84.27503562096832,0.2050721733,0.2071232919,0.2068635092,0.1939937883,0.1869472373,0,0,0,0,0
2020-11-01,36837,1963.200594,0.05329425832,25.44758042,1937.753013,1595.4592757094147,342.2937372905854,17.664466781586956,44.5343998165266,75.93099153785074,85.0,105.6323022,133.80875016372414,72.71256143373748,85.0,80.4336550795708,0.1868034358,0.2069819867,0.2114024353,0.2036864379,0.1911257043,0,0,0,0,0
2020-12-01,37588,1962.171179,0.05220206393,20.98426305,1941.186916,1593.0391288823357,348.1477871176643,17.934789496472387,49.65106171128835,76.94420062904683,85.0,108.8250937,131.4514885134474,71.8082597537801,85.0,83.15354526783216,0.1934774957,0.2241650515,0.2056735006,0.1979182263,0.1787657259,0,0,0,0,0
2021-01-01,34388,1806.584721,0.05253532398,34.90190855,1771.682813,1457.6128957963056,314.0699172036942,17.727209120004837,54.552017676272406,78.82189554102655,85.0,110.9155157,132.6480971977883,74.51863182186653,85.0,86.82910752817965,0.1950102775,0.2050029897,0.1918073227,0.2160042059,0.1921752042,0,0,0,0,0
2021-02-01,37699,2021.874152,0.05363203672,23.86127318,1998.012879,1622.6070262991418,375.4058527008583,18.788960604135237,52.788949388612366,77.72570332578107,85.0,114.1963102,132.24450858790698,77.4041050419699,85.0,112.95933852249141,0.1932683758,0.2091086225,0.1994891264,0.2112130874,0.1869207879,0,0,0,0,0
2021-03-01,32107,1759.137478,0.05478984265,43.32620135,1715.811277,1406.8943353926227,308.9169416073773,18.004132840734165,60.78741886215113,78.11817684651605,85.0,115.5665694,133.74071414827336,76.79538074413645,85.0,111.19477848359695,0.1994916678,0.20560357,0.207524031,0.195684016,0.1916967151,0,0,0,0,0
2021-04-01,34458,1964.067341,0.05699887807,35.99445025,1928.07289,1578.8121798633829,349.26071013661715,18.114497224045152,65.26260122535908,76.8583150444496,85.0,115.3026628,133.63676511562082,78.70422056476242,86.77765163270598,113.7203521154675,0.204740702,0.2184983487,0.2013956127,0.1729850027,0.202380334,0,0,0,0,0
2021-05-01,33122,1875.489164,0.05662366897,39.74585468,1835.743309,1500.7583827557619,334.9849262442381,18.24791759294045,68.56677387182687,77.15601130884329,85.50908347125916,116.9327664,133.6237306446379,82.60646753587118,87.20880236443462,107.35240281054254,0.2010734631,0.2043698801,0.1957666682,0.2061547476,0.192635241,0,0,0,0,0
2021-06-01,32151,1855.511172,0.05771239375,38.58240432,1816.928767,1498.3695970364574,318.5591699635428,17.53283759657391,69.68316059608908,78.58868313354336,88.02162565673913,118.957383,134.38460687292076,84.07248105014536,90.04790305026602,103.16234689470966,0.1991798347,0.2179483232,0.1926720462,0.1995607927,0.1906390032,0,0,0,0,0
2021-07-01,30874,1811.634035,0.0586783065,46.78510376,1764.848931,1463.0040776913775,301.8448533086225,17.103155290327933,79.51796598532589,78.45999769560171,89.0767063572182,119.8327651,134.70370273215252,88.12185303734036,95.75652195365586,105.82349009218255,0.2016865257,0.204708316,0.1994883621,0.2042390216,0.1898777746,0,0,0,0,0
2021-08-01,30707,1846.363699,0.06012842995,48.35052655,1798.013172,1471.082145156789,326.9310268432108,18.182904993935765,76.47608185017124,79.37332291547965,85.0,117.9004673,136.09716343700785,84.8796773668861,94.42551797034126,104.32223341353055,0.1958761526,0.2105892628,0.2125096577,0.1887102841,0.1923146428,0,0,0,0,0
2021-09-01,29627,1797.783766,0.0606805875,48.775226,1749.00854,1472.219018226327,276.78952177367296,15.82551002144752,83.38693298853502,78.415121001554,99.38832650383345,119.5365981,133.50149168754132,105.96393775824939,99.82424675243608,101.21202429484843,0.2189345479,0.2127192404,0.2063116624,0.1828441017,0.1791904475,0,0,0,0,0
2021-10-01,31843,1924.88628,0.06044927551,49.28760912,1875.598671,1564.8220599058516,310.7766110941484,16.56946210824802,88.21994807240729,80.3750478995899,94.9378444472736,123.4938677,134.68053364912947,109.85587775739127,102.65527562479957,100.9919613651578,0.2129909248,0.1990019559,0.2056455539,0.1938335869,0.1885279784,0,0,0,0,0
2021-11-01,33147,2016.410727,0.06083237477,42.38936532,1974.021361,1690.4392836275892,283.58207737241077,14.365704595453503,93.9961355842982,80.85409497695827,106.99314871596634,122.4058398,137.91971917869927,112.46939863857688,108.03640991689201,100.3407120768348,0.2135637227,0.2006206553,0.2040259828,0.1967234574,0.1850661819,0,0,0,0,0
2021-12-01,30923,1936.500112,0.06262329372,51.21380209,1885.28631,1626.2514959288214,259.03481407117863,13.739813029840473,102.76838549046492,78.7660989539864,106.0400684342033,119.3974687,134.4399593359239,114.51935996247491,109.95653053203984,103.54459799027396,0.187252398,0.2186078344,0.1936398627,0.204553019,0.1959468858,0,0,0,0,0
2022-01-01,29971,1880.776371,0.06275320714,58.48548149,1822.29089,1564.3059801780682,257.98490982193186,14.15717497341667,110.00890782693158,80.43524045550805,111.33389587604736,124.79138,136.90525479243388,117.38583640453912,118.33802643079467,107.11437108139638,0.2022973385,0.201848186,0.2045174884,0.1987734676,0.1925635194,0,0,0,0,0
2022-02-01,32465,1980.173901,0.06099411368,46.48954962,1933.684351,1673.4241658116505,260.26018518834957,13.459290036336936,114.62452486403987,80.25125880272621,119.0009219250676,129.437082,134.47573391643877,121.22319367459514,118.66776575177855,102.11967768831065,0.1989430843,0.2168045125,0.1953447523,0.1880769287,0.2008307221,0,0,0,0,0
2022-03-01,34272,2211.133834,0.06451721037,41.74944418,2169.384389,1886.2799333124292,283.1044556875707,13.049990454576408,115.80436396498932,81.86423006193013,128.11066732922072,138.2337732,136.74500755127028,124.10062971350493,122.33505425070709,101.99461589835586,0.1975369903,0.2150511405,0.2131177497,0.19343926,0.1808548593,0,0,0,0,0
2022-04-01,37170,2506.433214,0.06743161728,18.94629584,2487.486919,2186.6897553670633,300.7971636329364,12.092411877038556,118.90734958975983,81.12631568314953,129.80078175607102,132.6932845,135.8871693849137,118.06027406867246,123.73697121436152,105.263642137312,0.1886937443,0.2106865578,0.2129356998,0.2015362808,0.1861477173,0,0,0,0,0
2022-05-01,33305,2434.553486,0.07309873851,41.5836758,2392.96981,2095.2077850452083,297.7620249547919,12.44320023221655,110.84985674389203,81.9437609638167,133.55845944172458,136.5250058,136.81054867853288,118.26937781487048,120.15161519071695,108.41439915334398,0.2006636944,0.2025935544,0.2007241284,0.1944436729,0.2015749499,0,0,0,0,0
2022-06-01,34097,2309.206878,0.06772463496,33.14619366,2276.060685,2021.637993792183,254.42269120781702,11.17820332667523,120.55264098322417,81.35565043440822,138.0331946901764,140.6239036,136.19152507093153,118.90983323862936,125.39435067751889,97.09691395969122,0.1963402027,0.2085301683,0.2087031911,0.2029946035,0.1834318344,0,0,0,0,0
2022-07-01,35329,2529.0557,0.0715858275,25.2269067,2503.828793,2198.0445186790785,305.7842743209216,12.212667063171743,123.36797965072851,81.9035252637941,127.82428957435955,135.907589,138.32039454825127,123.33954842260752,131.06234382383218,98.39385577776345,0.1982668194,0.2034622922,0.2078580289,0.2029753014,0.1874375581,0,0,0,0,0
2022-08-01,34781,2571.390161,0.07393088642,25.96259963,2545.427561,2238.0629389924047,307.3646220075954,12.075166731000733,113.32117862541753,83.59394254177495,138.45834145448495,130.8877436,136.94162389697908,118.5592648461612,121.49565285266438,96.99346395533348,0.2007607908,0.2204299989,0.2040349308,0.1915811333,0.1831931462,0,0,0,0,0
2022-09-01,33910,2411.929664,0.07112738613,40.78782181,2371.141842,2098.99780444601,272.1440375539902,11.477341116145265,110.12469315722306,83.78427717504967,140.83268042635635,126.2167485,137.0086418847392,121.97450573890168,118.35214960169996,91.20425419987109,0.1955382664,0.2081088746,0.2184952826,0.2008188643,0.1770387121,0,0,0,0,0
2022-10-01,35215,2409.917764,0.06843441046,24.26806891,2385.649695,2083.7175585869804,301.9321364130196,12.656180706070494,109.32043539398309,81.00154831984666,131.27744021515252,127.7766369,138.00415615517943,98.65933617775387,114.86082628881087,97.98096134200452,0.1875895485,0.2006717958,0.2210290725,0.2052680375,0.1854415456,0,0,0,0,0
2022-11-01,33861,2230.593889,0.06587501519,44.21750719,2186.376382,1888.1403819941652,298.2360000058348,13.640652289384034,106.99464449360052,82.85437767606734,123.16849732126306,126.9385857,136.80428179680985,94.51932802035515,117.24921603726753,94.33972517909666,0.197430426,0.2081251668,0.2106146808,0.1883282501,0.1955014763,0,0,0,0,0
2022-12-01,34578,2322.730953,0.06717366396,38.67232156,2284.058631,1961.7550393480346,322.3035916519652,14.111003425111514,102.48609606085117,82.86587084966318,124.35588944423218,122.3507408,135.06991231864276,97.9641518663746,113.63411348481658,97.793372873284,0.1794902992,0.2249957131,0.2042210831,0.2053806803,0.1859122243,0,0,0,0,0
2023-01-01,35949,2413.795358,0.06714499312,36.39513247,2377.400225,2041.8112934938554,335.5889315061445,14.115794554791234,98.27497780216846,81.93726834524641,124.98161043151063,123.0405401,136.29728409415574,90.07153624805754,111.87941324395774,98.02789467045633,0.1875141779,0.2216226983,0.2144462757,0.1979354996,0.1784813486,0,0,0,0,0
2023-02-01,31396,1990.039952,0.06338514307,52.82196658,1937.217985,1671.3255742733554,265.8924107266445,13.725477090625118,98.41893501162211,82.30534792827706,121.15428805259903,123.0770853,137.4605345032373,94.60621161945875,112.31985459177669,101.47321060796637,0.1847539941,0.2147938796,0.2069597528,0.2042291594,0.1892632141,0,0,0,0,0
2023-03-01,32007,2050.08669,0.06405119785,57.1252408,1992.961449,1713.975171388808,278.98627761119207,13.998578735739112,89.92095998881108,83.19116036863392,116.71767472053735,121.2620321,140.6082313230284,93.44944517874654,106.65785335113543,104.90209580709401,0.2018154869,0.2041016841,0.1999981379,0.2083783191,0.185706372,0,0,0,0,0
2023-04-01,33171,2103.076968,0.06340107227,43.32610156,2059.750867,1745.1080062698225,314.64286073017763,15.275772704902453,85.7031737651329,83.93146890783841,110.5241615615614,123.9749946,141.50433424185954,88.93936863685272,101.53979699975436,104.80669352986858,0.2000870316,0.2119965824,0.1915156703,0.1892070295,0.2071936861,0,0,0,0,0
2023-05-01,30466,1933.043835,0.06344921667,53.97420876,1879.069626,1585.3254315761683,293.7441944238318,15.632427365085396,94.6243963536384,83.70861391830805,106.46815513028947,119.9639929,137.37654214180773,93.15568463786713,107.19031175573926,103.81167305350436,0.2021141388,0.2099220176,0.2044708212,0.196494157,0.1869988655,0,0,0,0,0
2023-06-01,29362,1853.453443,0.06312422324,56.3542446,1797.099198,1507.8841035510927,289.2150944489073,16.093440738873856,85.82734089937796,83.07859265641059,100.01527743832496,119.6898496,139.40866708093955,89.27964459582961,101.9468554513369,100.69162580144733,0.2155102917,0.2105828354,0.196647254,0.1920255792,0.1852340396,0,0,0,0,0
2023-07-01,29635,1815.971325,0.0612779256,53.82996708,1762.141358,1507.8888778461833,254.25248015381678,14.428608635710642,87.50584416754336,82.68810462851121,117.16355946547789,121.9939509,138.6199968218014,88.62163260782066,102.19702602414267,101.48510915026084,0.195809894,0.2087775496,0.209490571,0.1981985683,0.187723417,0,0,0,0,0
2023-08-01,31103,1909.140296,0.06138122676,45.07858559,1864.06171,1579.0758247591175,284.98588524088234,15.288436198868242,90.56607896307361,81.98586093200117,100.92444536565323,124.6350428,139.96255480431134,90.69406744697265,105.55385640389323,93.28646073821858,0.2009395223,0.2129982644,0.1977280008,0.2028048629,0.1855293495,0,0,0,0,0
2023-09-01,29483,1851.585145,0.06280178901,55.5780696,1796.007076,1516.9674700756234,279.03960592437676,15.53666517538691,89.52098122362744,85.01595925803156,107.26592926845849,127.9473896,138.34090847141047,86.70461039657614,105.68640244634848,97.71962910503721,0.2092842328,0.2182919959,0.1988823107,0.2051794849,0.1683619758,0,0,0,0,0
2023-10-01,32637,2098.470514,0.06429728573,54.80897378,2043.661541,1738.2550071684898,305.4065338315101,14.944085784482164,83.43812551969768,83.4620107092649,111.44840630189714,126.5802038,140.53646350596298,88.41951816369958,102.17216277326504,94.92401477153226,0.2014922515,0.2038358348,0.2048438225,0.2092755639,0.1805525273,0,0,0,0,0
2023-11-01,32054,2108.190875,0.06576997801,55.75553068,2052.435344,1746.0578754748776,306.3774685251223,14.927508894288575,86.63663910328691,83.34331929210298,106.18733665452629,123.2323245,139.36845993674038,87.17978404268185,102.49169109910575,94.21128571126562,0.2001205323,0.2165465606,0.1958599845,0.1996634771,0.1878094456,0,0,0,0,0
2023-12-01,32970,2172.242888,0.06588543792,48.01930009,2124.223588,1788.8906820184839,335.3329059815161,15.7861398336716,81.54369557702556,84.4244227372571,99.92388958027927,120.9107563,139.11924918310032,88.22174464231288,97.47709163920797,98.4808576117666,0.2015128132,0.2194875696,0.198481782,0.193942053,0.1865757822,0,0,0,0,0
2024-01-01,36532,2322.428923,0.06357245491,26.02749368,2296.401429,1937.231790200578,359.16963879942205,15.64054238355998,85.38399414503935,84.209061418303,105.5866937008284,122.0009457,139.98401149243628,87.4201085494487,103.86457578438016,96.6711886205703,0.1966637216,0.2092106625,0.2044354039,0.1907558423,0.1989343696,0,0,0,0,0
2024-02-01,36106,2254.71857,0.06244719907,33.60367855,2221.114891,1861.4682211898898,359.6466698101104,16.192168683727505,89.53605932852905,84.3879080116507,95.89760449338462,123.46763,138.5753623687435,89.5156027931152,109.69206821721859,102.54847459890061,0.2084357399,0.2053376473,0.2004371449,0.1921629052,0.1936265627,0,0,0,0,0
2024-03-01,35416,2243.48165,0.06334655665,30.15910953,2213.322541,1874.3477393537435,338.9748016462565,15.315201258154831,86.11209184126945,85.05042693518621,104.70184784717274,124.3117835,142.02756925090233,87.92700865787567,104.72482383715166,102.42537066264995,0.1845662611,0.2171347535,0.2037715245,0.2033167571,0.1912107038,0,0,0,0,0
2024-04-01,36589,2333.694442,0.06378131248,25.36941807,2308.325024,1935.5990047939113,372.726019206089,16.14703368593248,76.14520745795647,84.25917403908826,106.89447583052183,126.2925461,140.41076613321616,82.74525484578139,94.05759239328552,105.81253336346445,0.2004991966,0.2009094316,0.2005342766,0.2041730313,0.1938840639,0,0,0,0,0
2024-05-01,35165,2262.349605,0.06433526531,33.87375426,2228.47585,1879.8707197497401,348.60513025025966,15.643208798976202,78.37057807534819,83.92545253554202,106.37223991267118,122.7102793,143.45856887969836,86.32027606113218,95.55385620704882,103.57150150664718,0.2067659431,0.2117257214,0.1851329167,0.2097164201,0.1866589988,0,0,0,0,0
2024-06-01,33505,2196.453081,0.06555597915,34.28329061,2162.169791,1815.8642780121688,346.3055129878309,16.016573463810406,83.56945050300645,84.78103018266897,91.52993746922986,122.9288428,142.8914249593949,86.82031994474036,104.2561712857104,100.07483822908053,0.2086154242,0.2086221936,0.209148491,0.187633797,0.1859800942,0,0,0,0,0
2024-07-01,35826,2254.01319,0.06291556943,22.64454389,2231.368646,1874.4852013919303,356.8834446080695,15.99392575708306,91.16634580754611,85.07098731251708,100.2678575499027,124.200074,143.5930924463876,88.28698540714865,107.10973211192378,97.35040467031371,0.2048555703,0.2030694364,0.2044452825,0.1957636723,0.1918660385,0,0,0,0,0
2024-08-01,33942,2142.408949,0.06311970269,25.76438017,2116.644569,1792.8368842864463,323.8076847135537,15.298160562995955,87.32179841407162,84.27122822647132,105.64158609930686,122.1020249,141.84667350075105,87.91486604856324,104.20779162861184,97.70918048438928,0.2116883254,0.2134089664,0.2182833749,0.1781301878,0.1784891455,0,0,0,0,0
2024-09-01,32850,2110.955512,0.06426044177,44.36375415,2066.591758,1757.8894088175994,308.7023491824006,14.9377518799918,87.24445593404288,84.38132680831039,107.85440998344794,119.3302088,144.15345631050914,88.43909372020286,103.36305922282808,92.85861961349835,0.2033075584,0.2019100192,0.2132262837,0.1942844775,0.1872716611,0,0,0,0,0
2024-10-01,34085,2139.47539,0.06276882471,40.70052548,2098.774865,1765.2052014239418,333.569663576058,15.893541948629068,82.26911485750416,84.55098271734778,107.54164076359787,120.0368498,144.370258739856,87.60534027513047,102.31589400132206,90.87240060760264,0.2096322154,0.2040996538,0.1991083582,0.1958219641,0.1913378086,0,0,0,0,0
2024-11-01,35265,2138.717857,0.06064703976,38.91334411,2099.804513,1772.1936500197976,327.61086298020246,15.601969657267922,87.51251078013874,86.16500264771221,106.72263516088626,119.473891,142.53316373151964,89.30612517758583,105.62029554656344,95.02622922629546,0.1887796469,0.2229514574,0.2184253388,0.1941188598,0.1757246972,0,0,0,0,0
2024-12-01,33221,2067.53398,0.06223575388,47.71793525,2019.816044,1703.4241000251827,316.3919439748172,15.66439403799573,79.16189690876004,86.74333198862885,106.46700549790489,119.2614808,143.31269239658468,84.62303070630605,97.94078992029509,97.90408651698733,0.2112232374,0.2053756739,0.182757563,0.2061264271,0.1945170986,0,0,0,0,0
2025-01-01,31848,1973.028816,0.06195141974,50.22158935,1922.807226,1645.930803845041,276.8764221549589,14.399593386745414,88.44641264150397,86.77804351313137,109.12339076995582,121.6276561,145.2053210102806,89.82491238960856,105.5108945565663,99.59360005732924,0.2071659412,0.2037509748,0.196266474,0.2040182569,0.1887983532,0,0,0,0,0
2025-02-01,29537,1876.892681,0.06354378174,58.54023914,1818.352442,1528.8276180129124,289.52482398708764,15.922371114625072,91.5023413006652,85.15221738611774,99.19023698713926,119.9517486,143.87511867849958,94.96686412878502,107.15631658395668,99.66543863781918,0.1874558016,0.2156500365,0.2065274512,0.2070388308,0.1833278799,0,0,0,0,0
2025-03-01,30683,1955.444604,0.06373055452,55.04634763,1900.398257,1600.3832885725965,300.0149684274035,15.78695240970238,84.63844435550125,85.45121157144969,103.49429570414519,118.7688072,143.0465637147585,87.19360089842174,102.22312516782965,107.97306738526596,0.198176634,0.2051052198,0.1996112116,0.2020888456,0.1950180889,0,0,0,0,0
2025-04-01,29239,1823.847783,0.06237722847,60.22159039,1763.626193,1497.846468601989,265.77972439801107,15.070071280009111,91.42038627193412,85.1078569664974,107.11074350614092,116.7579755,145.43483848002336,84.79990773686603,108.625486955548,105.79629680470353,0.1981900269,0.2181797019,0.1975266233,0.1960517904,0.1900518574,0,0,0,0,0
2025-05-01,32629,2008.175058,0.06154571264,44.41338953,1963.761668,1670.1503035714863,293.6113644285138,14.951476506186381,85.23036616403357,87.72240421448306,103.64924977660802,115.1480795,145.81112483647578,85.67679728988544,103.1770259212016,108.67705683712408,0.2030546516,0.2112545686,0.1994243658,0.2099870344,0.1762793796,0,0,0,0,0
2025-06-01,31377,1928.045894,0.06144774498,48.92045504,1879.125439,1580.7104799709205,298.4149590290794,15.880523611445794,88.39081163638471,85.98916132645209,108.47883005306359,118.2055316,143.49584340611455,87.91380488560661,105.18682930879147,102.66051856285708,0.1997597927,0.2032553023,0.1940359624,0.2080936185,0.194855324,0,0,0,0,0
2025-07-01,32719,1931.383179,0.05902940736,31.85591718,1899.527262,1618.3571593497343,281.17010265026573,14.8021093603165,87.52422346361352,86.46996197440036,103.43966128062102,118.0291022,145.32974833318107,91.24235456073349,107.92942173235636,102.26112391955786,0.195971221,0.2101529662,0.2119273575,0.1940836401,0.1878648151,0,0,0,0,0
2025-08-01,31353,1947.159685,0.06210441377,46.01282525,1901.14686,1613.6465074996804,287.50035250031954,15.122469418292047,88.32853632521118,86.11925384071748,110.7209636356196,117.814258,145.0459855066494,91.64537210347471,108.46241613818685,92.78178765008204,0.2020978185,0.188239271,0.2073051782,0.2180962051,0.1842615272,0,0,0,0,0
